{
  "project_info": {
    "project_number": "312078104436",
    "firebase_url": "https://face-recognition-bccd2.firebaseio.com",
    "project_id": "face-recognition-bccd2",
    "storage_bucket": "face-recognition-bccd2.appspot.com"
  },
  "client": [
    {
      "client_info": {
        "mobilesdk_app_id": "1:312078104436:android:73d1b1b1b6441fcdf91e21",
        "android_client_info": {
          "package_name": "com.example.face_recognition"
        }
      },
      "oauth_client": [
        {
          "client_id": "312078104436-5ufkl7sf999ilji4uop725fnbitlkv7n.apps.googleusercontent.com",
          "client_type": 3
        }
      ],
      "api_key": [
        {
          "current_key": "AIzaSyCnAho2CpEvsPi2Xfmwnmv4aMYr34vTgs0"
        }
      ],
      "services": {
        "appinvite_service": {
          "other_platform_oauth_client": [
            {
              "client_id": "312078104436-5ufkl7sf999ilji4uop725fnbitlkv7n.apps.googleusercontent.com",
              "client_type": 3
            }
          ]
        }
      }
    }
  ],
  "configuration_version": "1"
}